{
    "order": 1, 
    "robot_pose": {
        "pos_z": 0.4278173467458222, 
        "pos_x": 0.5536287762014501, 
        "pos_y": -0.09926850523065313, 
        "ori_x": -0.025226191118696437, 
        "ori_y": -0.013052469139946886, 
        "ori_z": 0.0131030654906175, 
        "ori_w": 0.9995106712815738
    }, 
    "option": {
        "crawl": false, 
        "up_stair": false, 
        "speed_up": false, 
        "down_stair": false
    }
}