{
    "order": 2, 
    "robot_pose": {
        "pos_z": 0.40456830161930984, 
        "pos_x": 7.161645879403086, 
        "pos_y": 0.281455997996583, 
        "ori_x": -0.03604004719099846, 
        "ori_y": -0.01947061973469965, 
        "ori_z": -0.02029501715195247, 
        "ori_w": 0.9989545146023513
    }, 
    "option": {
        "crawl": false, 
        "up_stair": false, 
        "speed_up": false, 
        "down_stair": false
    }
}