{
    "order": 3, 
    "robot_pose": {
        "pos_z": 0.5028557539545377, 
        "pos_x": 7.329064744072792, 
        "pos_y": -0.7206388917427653, 
        "ori_x": -0.03301047909790092, 
        "ori_y": -0.01700025388026899, 
        "ori_z": 0.004933023484497665, 
        "ori_w": 0.9992982362223176
    }, 
    "option": {
        "crawl": false, 
        "up_stair": false, 
        "speed_up": false, 
        "down_stair": false
    }
}