{
    "order": 4, 
    "robot_pose": {
        "pos_z": 0.8697086645477381, 
        "pos_x": 5.41564717355109, 
        "pos_y": -6.0066271325623095, 
        "ori_x": -0.04636462869311137, 
        "ori_y": 0.0046598438623452944, 
        "ori_z": 0.700469365581876, 
        "ori_w": 0.7121595853056061
    }, 
    "option": {
        "crawl": false, 
        "up_stair": false, 
        "speed_up": false, 
        "down_stair": false
    }
}