{
    "order": 5, 
    "robot_pose": {
        "pos_z": 0.6277393765481314, 
        "pos_x": 5.3695390120144255, 
        "pos_y": -2.8225128271447675, 
        "ori_x": -0.042016792246785166, 
        "ori_y": 0.0119435369707656, 
        "ori_z": 0.7057462935074416, 
        "ori_w": 0.7071167586010296
    }, 
    "option": {
        "crawl": false, 
        "up_stair": false, 
        "speed_up": false, 
        "down_stair": false
    }
}