{
    "order": 6, 
    "robot_pose": {
        "pos_z": 0.5075963248392267, 
        "pos_x": 3.2296267745891423, 
        "pos_y": -2.953856517084056, 
        "ori_x": -0.024769754154289437, 
        "ori_y": 0.03476927865038226, 
        "ori_z": 0.9990596381814966, 
        "ori_w": -0.00757600804680672
    }, 
    "option": {
        "crawl": false, 
        "up_stair": false, 
        "speed_up": false, 
        "down_stair": false
    }
}