{
    "order": 7, 
    "robot_pose": {
        "pos_z": 0.6984410934828639, 
        "pos_x": 0.44210519383614516, 
        "pos_y": -5.897952684170993, 
        "ori_x": -0.03462758829751231, 
        "ori_y": 0.010542376851994752, 
        "ori_z": 0.7067801687888707, 
        "ori_w": 0.7065066039505816
    }, 
    "option": {
        "crawl": false, 
        "up_stair": false, 
        "speed_up": false, 
        "down_stair": false
    }
}