{
    "order": 8, 
    "robot_pose": {
        "pos_z": 0.5849749463341474, 
        "pos_x": 0.2610931786142825, 
        "pos_y": -5.119755491253208, 
        "ori_x": -0.03531074272167244, 
        "ori_y": 0.006213568179140454, 
        "ori_z": 0.7137632910009292, 
        "ori_w": 0.6994687322807573
    }, 
    "option": {
        "crawl": false, 
        "up_stair": false, 
        "speed_up": false, 
        "down_stair": false
    }
}