{
    "order": 9, 
    "robot_pose": {
        "pos_z": 0.4959914513966124, 
        "pos_x": 0.11478376521208829, 
        "pos_y": -2.6092775634812426, 
        "ori_x": -0.0325664268914388, 
        "ori_y": 0.010024519227350846, 
        "ori_z": 0.7078431189912303, 
        "ori_w": 0.7055473447973226
    }, 
    "option": {
        "crawl": false, 
        "up_stair": false, 
        "speed_up": false, 
        "down_stair": false
    }
}