{
    "order": 4, 
    "robot_pose": {
        "pos_z": 0.5654387868858941, 
        "pos_x": 8.607008700387889, 
        "pos_y": 2.6970014046404134, 
        "ori_x": -0.015663268883113396, 
        "ori_y": -0.00017175420655452878, 
        "ori_z": 0.9998771707281627, 
        "ori_w": -0.0005253237403690075
    }, 
    "option": {
        "crawl": false, 
        "up_stair": false, 
        "speed_up": false, 
        "down_stair": false
    }
}