{
    "order": 5, 
    "robot_pose": {
        "pos_z": 0.5032044065712407, 
        "pos_x": 7.291781193658626, 
        "pos_y": 2.632709406975725, 
        "ori_x": -0.007398022134336932, 
        "ori_y": 0.0038777664145007314, 
        "ori_z": 0.9999521338564737, 
        "ori_w": 0.005095310787304336
    }, 
    "option": {
        "crawl": false, 
        "up_stair": false, 
        "speed_up": false, 
        "down_stair": false
    }
}