{
    "camera_pose": {
        "tilt": 0, 
        "zoom": 0, 
        "pan": 0
    }, 
    "order": 1, 
    "robot_pose": {
        "pos_z": 0.34020091725167095, 
        "pos_x": -1.6721924578189875, 
        "pos_y": -0.6423438063985065, 
        "ori_x": 0.015071611834898833, 
        "ori_y": -0.001960325982038542, 
        "ori_z": 0.7064667902162357, 
        "ori_w": 0.7075829830912497
    }, 
    "option": {
        "speed_up": false, 
        "perform": false, 
        "crawl": false, 
        "walking_bricks": false, 
        "up_stair": false, 
        "down_stair": false, 
        "middle_point": false,
        "jump1": true
    }
}