{
    "camera_pose": {
        "tilt": 0, 
        "zoom": 0, 
        "pan": 0
    }, 
    "order": 3, 
    "robot_pose": {
        "pos_z": 0.3472787185968359, 
        "pos_x": -1.606204705891102, 
        "pos_y": 4.489230187972648, 
        "ori_x": 0.0004345088877566361, 
        "ori_y": -0.005011862707264145, 
        "ori_z": -0.6899659916005724, 
        "ori_w": 0.7238243038672223
    }, 
    "option": {
        "speed_up": false, 
        "perform": false, 
        "crawl": false, 
        "walking_bricks": false, 
        "up_stair": false, 
        "down_stair": false, 
        "middle_point": false,
        "jump1": true
    }
}