{
    "camera_pose": {
        "tilt": 0, 
        "zoom": 0, 
        "pan": 0
    }, 
    "order": 4, 
    "robot_pose": {
        "pos_z": 0.3436054311782247, 
        "pos_x": -1.652090491894746, 
        "pos_y": -0.39748096781884357, 
        "ori_x": -0.0069942687159861554, 
        "ori_y": -0.004039018347634403, 
        "ori_z": -0.7141739515964943, 
        "ori_w": 0.6999216623286952
    }, 
    "option": {
        "speed_up": false, 
        "perform": false, 
        "crawl": false, 
        "walking_bricks": false, 
        "up_stair": false, 
        "down_stair": false, 
        "middle_point": false,
        "jump1": true
    }
}