{
    "order": 1, 
    "robot_pose": {
        "pos_z": 0.33313053023809264, 
        "pos_x": -0.17623757399199838, 
        "pos_y": -0.14452473177828684, 
        "ori_x": 0.003842901771525745, 
        "ori_y": 0.005730349706259291, 
        "ori_z": 0.005829371294180849, 
        "ori_w": 0.9999592059821906
    }, 
    "option": {
        "crawl": false, 
        "up_stair": false, 
        "speed_up": false, 
        "down_stair": false
    }
}