{
    "order": 2, 
    "robot_pose": {
        "pos_z": 0.2010042535315093, 
        "pos_x": 5.307773428229202, 
        "pos_y": 0.3317345145541293, 
        "ori_x": -0.00032284306078475837, 
        "ori_y": 0.0022954169663973434, 
        "ori_z": -0.01574901926575251, 
        "ori_w": 0.999873289584973
    }, 
    "option": {
        "crawl": false, 
        "up_stair": false, 
        "speed_up": false, 
        "down_stair": false
    }
}