{
    "order": 3, 
    "robot_pose": {
        "pos_z": 0.2205241672287104, 
        "pos_x": 5.351440168140415, 
        "pos_y": -0.3192534397538108, 
        "ori_x": 0.00372598208317651, 
        "ori_y": -0.00609244724356001, 
        "ori_z": 0.008597322330171757, 
        "ori_w": 0.9999375406458403
    }, 
    "option": {
        "crawl": false, 
        "up_stair": false, 
        "speed_up": false, 
        "down_stair": false
    }
}