{
    "order": 4, 
    "robot_pose": {
        "pos_z": 0.20040537952640258, 
        "pos_x": 4.365850025755499, 
        "pos_y": -6.1180031187243245, 
        "ori_x": -0.0037819317492321174, 
        "ori_y": -0.0004049162124770465, 
        "ori_z": 0.6989862845459737, 
        "ori_w": 0.7151249590468229
    }, 
    "option": {
        "crawl": false, 
        "up_stair": false, 
        "speed_up": false, 
        "down_stair": false
    }
}