{
    "order": 5, 
    "robot_pose": {
        "pos_z": 0.2455702600575561, 
        "pos_x": 4.397579931669184, 
        "pos_y": -3.1345431969743, 
        "ori_x": -0.007938876540182974, 
        "ori_y": -0.024030748536085722, 
        "ori_z": 0.7121887484839045, 
        "ori_w": 0.7015316699173353
    }, 
    "option": {
        "crawl": false, 
        "up_stair": false, 
        "speed_up": false, 
        "down_stair": false
    }
}