{
    "order": 6, 
    "robot_pose": {
        "pos_z": 0.25865788786900024, 
        "pos_x": -0.32606185766399604, 
        "pos_y": -5.318245558946227, 
        "ori_x": 0.028338274250456832, 
        "ori_y": -0.004777781166894122, 
        "ori_z": 0.7126143354169477, 
        "ori_w": 0.700967134734496
    }, 
    "option": {
        "crawl": false, 
        "up_stair": false, 
        "speed_up": false, 
        "down_stair": false
    }
}