{
    "order": 7, 
    "robot_pose": {
        "pos_z": 0.3040051137974116, 
        "pos_x": -0.45899771114118837, 
        "pos_y": -1.94917849851415, 
        "ori_x": 0.021103059807557414, 
        "ori_y": 0.0031035310457215234, 
        "ori_z": 0.7222502934170734, 
        "ori_w": 0.6913027864986212
    }, 
    "option": {
        "crawl": false, 
        "up_stair": false, 
        "speed_up": false, 
        "down_stair": false
    }
}