{
    "order": 1, 
    "robot_pose": {
        "pos_z": 0.5116447132773546, 
        "pos_x": 3.802868698367953, 
        "pos_y": 2.452614734745083, 
        "ori_x": -0.009357016262334667, 
        "ori_y": 0.003259185996058221, 
        "ori_z": 0.9994607454003294, 
        "ori_w": -0.03130562820209338
    }, 
    "option": {
        "crawl": false, 
        "up_stair": false, 
        "speed_up": false, 
        "down_stair": false
    }
}