{
    "order": 2, 
    "robot_pose": {
        "pos_z": 0.5096095354396182, 
        "pos_x": 4.405531339432131, 
        "pos_y": 1.0432351824791364, 
        "ori_x": 0.005601290441806857, 
        "ori_y": -0.0025506643538324245, 
        "ori_z": 0.039332238596553125, 
        "ori_w": 0.9992072330921771
    }, 
    "option": {
        "crawl": false, 
        "up_stair": false, 
        "speed_up": false, 
        "down_stair": false
    }
}