{
    "order": 3, 
    "robot_pose": {
        "pos_z": 0.46230560182218594, 
        "pos_x": 8.170284282357942, 
        "pos_y": 1.3316435375928442, 
        "ori_x": 0.0005352111427656155, 
        "ori_y": -0.004542652791801522, 
        "ori_z": -0.011901923104234078, 
        "ori_w": 0.9999187077363173
    }, 
    "option": {
        "crawl": false, 
        "up_stair": false, 
        "speed_up": false, 
        "down_stair": false
    }
}